"No.","Time","Source","Destination","Protocol","Length","Info"
"1","0.000000","c2:02:59:88:00:00","c2:02:59:88:00:00","LOOP","60","Reply"
"2","0.010736","c2:01:78:a0:00:00","c2:01:78:a0:00:00","LOOP","60","Reply"
"3","22.511562","c2:02:59:88:00:00","c2:02:59:88:00:00","LOOP","60","Reply"
"4","22.573050","c2:01:78:a0:00:00","c2:01:78:a0:00:00","LOOP","60","Reply"
"5","42.781448","PcsCompu_3c:b5:2b","Broadcast","ARP","60","ARP Announcement for 10.0.0.2"
"6","42.781448","10.0.0.2","224.0.0.22","IGMPv3","60","Membership Report / Join group 224.0.0.251 for any sources"
"7","42.781448","::","ff02::16","ICMPv6","110","Multicast Listener Report Message v2"
"8","42.829418","::","ff02::16","ICMPv6","110","Multicast Listener Report Message v2"
"9","42.833414","10.0.0.2","224.0.0.251","MDNS","261","Standard query 0x0000 ANY 2.c.e.3.6.6.3.1.4.8.1.f.e.2.5.d.0.0.0.0.0.0.0.0.0.0.0.0.0.8.e.f.ip6.arpa, ""QM"" question ANY luiseduardo-VirtualBox.local, ""QM"" question ANY 2.0.0.10.in-addr.arpa, ""QM"" question A 10.0.0.2 PTR luiseduardo-VirtualBox.local AAAA fe80::d52e:f184:1366:3ec2 PTR luiseduardo-VirtualBox.local"
"10","42.873092","10.0.0.2","224.0.0.251","MDNS","87","Standard query 0x0000 PTR _ipps._tcp.local, ""QM"" question PTR _ipp._tcp.local, ""QM"" question"
"11","43.085543","10.0.0.2","224.0.0.251","MDNS","261","Standard query 0x0000 ANY 2.c.e.3.6.6.3.1.4.8.1.f.e.2.5.d.0.0.0.0.0.0.0.0.0.0.0.0.0.8.e.f.ip6.arpa, ""QM"" question ANY luiseduardo-VirtualBox.local, ""QM"" question ANY 2.0.0.10.in-addr.arpa, ""QM"" question A 10.0.0.2 PTR luiseduardo-VirtualBox.local AAAA fe80::d52e:f184:1366:3ec2 PTR luiseduardo-VirtualBox.local"
"12","43.334265","10.0.0.2","224.0.0.251","MDNS","261","Standard query 0x0000 ANY 2.c.e.3.6.6.3.1.4.8.1.f.e.2.5.d.0.0.0.0.0.0.0.0.0.0.0.0.0.8.e.f.ip6.arpa, ""QM"" question ANY luiseduardo-VirtualBox.local, ""QM"" question ANY 2.0.0.10.in-addr.arpa, ""QM"" question A 10.0.0.2 PTR luiseduardo-VirtualBox.local AAAA fe80::d52e:f184:1366:3ec2 PTR luiseduardo-VirtualBox.local"
"13","43.535042","10.0.0.2","224.0.0.251","MDNS","243","Standard query response 0x0000 PTR, cache flush luiseduardo-VirtualBox.local A, cache flush 10.0.0.2 PTR, cache flush luiseduardo-VirtualBox.local AAAA, cache flush fe80::d52e:f184:1366:3ec2"
"14","43.645308","::","ff02::1:ff66:3ec2","ICMPv6","86","Neighbor Solicitation for fe80::d52e:f184:1366:3ec2"
"15","43.804665","10.0.0.2","224.0.0.22","IGMPv3","60","Membership Report / Join group 224.0.0.251 for any sources"
"16","43.872986","10.0.0.2","224.0.0.251","MDNS","87","Standard query 0x0000 PTR _ipps._tcp.local, ""QM"" question PTR _ipp._tcp.local, ""QM"" question"
"17","44.546825","10.0.0.2","224.0.0.251","MDNS","243","Standard query response 0x0000 PTR, cache flush luiseduardo-VirtualBox.local A, cache flush 10.0.0.2 PTR, cache flush luiseduardo-VirtualBox.local AAAA, cache flush fe80::d52e:f184:1366:3ec2"
"18","44.669266","fe80::d52e:f184:1366:3ec2","ff02::16","ICMPv6","110","Multicast Listener Report Message v2"
"19","44.670187","fe80::d52e:f184:1366:3ec2","ff02::2","ICMPv6","62","Router Solicitation"
"20","44.680961","fe80::d52e:f184:1366:3ec2","ff02::16","ICMPv6","110","Multicast Listener Report Message v2"
"21","44.781635","PcsCompu_3c:b5:2b","Broadcast","ARP","60","ARP Announcement for 10.0.0.2"
"22","45.149259","fe80::d52e:f184:1366:3ec2","ff02::16","ICMPv6","110","Multicast Listener Report Message v2"
"23","45.604757","fe80::d52e:f184:1366:3ec2","ff02::16","ICMPv6","110","Multicast Listener Report Message v2"
"24","45.872766","fe80::d52e:f184:1366:3ec2","ff02::fb","MDNS","107","Standard query 0x0000 PTR _ipps._tcp.local, ""QM"" question PTR _ipp._tcp.local, ""QM"" question"
"25","45.876670","10.0.0.2","224.0.0.251","MDNS","87","Standard query 0x0000 PTR _ipps._tcp.local, ""QM"" question PTR _ipp._tcp.local, ""QM"" question"
"26","45.906025","c2:01:78:a0:00:00","c2:01:78:a0:00:00","LOOP","60","Reply"
"27","45.913805","c2:02:59:88:00:00","c2:02:59:88:00:00","LOOP","60","Reply"
"28","46.557918","10.0.0.2","224.0.0.251","MDNS","243","Standard query response 0x0000 PTR, cache flush luiseduardo-VirtualBox.local A, cache flush 10.0.0.2 PTR, cache flush luiseduardo-VirtualBox.local AAAA, cache flush fe80::d52e:f184:1366:3ec2"
"29","46.557918","fe80::d52e:f184:1366:3ec2","ff02::fb","MDNS","216","Standard query response 0x0000 PTR, cache flush luiseduardo-VirtualBox.local AAAA, cache flush fe80::d52e:f184:1366:3ec2"
"30","46.781421","PcsCompu_3c:b5:2b","Broadcast","ARP","60","ARP Announcement for 10.0.0.2"
"31","48.529564","fe80::d52e:f184:1366:3ec2","ff02::2","ICMPv6","62","Router Solicitation"
"32","49.872938","fe80::d52e:f184:1366:3ec2","ff02::fb","MDNS","107","Standard query 0x0000 PTR _ipps._tcp.local, ""QM"" question PTR _ipp._tcp.local, ""QM"" question"
"33","49.873914","10.0.0.2","224.0.0.251","MDNS","87","Standard query 0x0000 PTR _ipps._tcp.local, ""QM"" question PTR _ipp._tcp.local, ""QM"" question"
"34","52.529327","fe80::d52e:f184:1366:3ec2","ff02::2","ICMPv6","62","Router Solicitation"
"35","57.873858","fe80::d52e:f184:1366:3ec2","ff02::fb","MDNS","107","Standard query 0x0000 PTR _ipps._tcp.local, ""QM"" question PTR _ipp._tcp.local, ""QM"" question"
"36","57.874870","10.0.0.2","224.0.0.251","MDNS","87","Standard query 0x0000 PTR _ipps._tcp.local, ""QM"" question PTR _ipp._tcp.local, ""QM"" question"
"37","69.833738","c2:01:78:a0:00:00","c2:01:78:a0:00:00","LOOP","60","Reply"
"38","69.834714","c2:02:59:88:00:00","c2:02:59:88:00:00","LOOP","60","Reply"
"39","70.088859","fe80::d52e:f184:1366:3ec2","ff02::fb","MDNS","101","Standard query 0x0000 PTR _nmea-0183._tcp.local, ""QM"" question"
"40","70.089835","10.0.0.2","224.0.0.251","MDNS","81","Standard query 0x0000 PTR _nmea-0183._tcp.local, ""QM"" question"
"41","71.089549","fe80::d52e:f184:1366:3ec2","ff02::fb","MDNS","101","Standard query 0x0000 PTR _nmea-0183._tcp.local, ""QM"" question"
"42","71.089549","10.0.0.2","224.0.0.251","MDNS","81","Standard query 0x0000 PTR _nmea-0183._tcp.local, ""QM"" question"
"43","73.092534","fe80::d52e:f184:1366:3ec2","ff02::fb","MDNS","101","Standard query 0x0000 PTR _nmea-0183._tcp.local, ""QM"" question"
"44","73.092534","10.0.0.2","224.0.0.251","MDNS","81","Standard query 0x0000 PTR _nmea-0183._tcp.local, ""QM"" question"
"45","73.875036","fe80::d52e:f184:1366:3ec2","ff02::fb","MDNS","107","Standard query 0x0000 PTR _ipps._tcp.local, ""QM"" question PTR _ipp._tcp.local, ""QM"" question"
"46","73.876013","10.0.0.2","224.0.0.251","MDNS","87","Standard query 0x0000 PTR _ipps._tcp.local, ""QM"" question PTR _ipp._tcp.local, ""QM"" question"
"47","77.096635","fe80::d52e:f184:1366:3ec2","ff02::fb","MDNS","101","Standard query 0x0000 PTR _nmea-0183._tcp.local, ""QM"" question"
"48","77.096635","10.0.0.2","224.0.0.251","MDNS","81","Standard query 0x0000 PTR _nmea-0183._tcp.local, ""QM"" question"
"49","79.286645","10.0.0.2","255.255.255.255","SNMP","115","get-request 1.3.6.1.2.1.1.1.0 1.3.6.1.2.1.1.2.0 1.3.6.1.2.1.2.2.1.6.1"
"50","80.287833","10.0.0.2","255.255.255.255","SNMP","115","get-request 1.3.6.1.2.1.1.1.0 1.3.6.1.2.1.1.2.0 1.3.6.1.2.1.2.2.1.6.1"
"51","81.018293","fe80::d52e:f184:1366:3ec2","ff02::fb","MDNS","99","Standard query 0x0000 PTR _scanner._tcp.local, ""QM"" question"
"52","81.018293","10.0.0.2","224.0.0.251","MDNS","79","Standard query 0x0000 PTR _scanner._tcp.local, ""QM"" question"
"53","82.019640","fe80::d52e:f184:1366:3ec2","ff02::fb","MDNS","99","Standard query 0x0000 PTR _scanner._tcp.local, ""QM"" question"
"54","82.019640","10.0.0.2","224.0.0.251","MDNS","79","Standard query 0x0000 PTR _scanner._tcp.local, ""QM"" question"
"55","83.219106","10.0.0.2","255.255.255.255","UDP","60","36621  >  3289 Len=15"
"56","84.270952","10.0.0.2","255.255.255.255","UDP","79","59453  >  1124 Len=37"
"57","85.097303","fe80::d52e:f184:1366:3ec2","ff02::fb","MDNS","101","Standard query 0x0000 PTR _nmea-0183._tcp.local, ""QM"" question"
"58","85.097303","10.0.0.2","224.0.0.251","MDNS","81","Standard query 0x0000 PTR _nmea-0183._tcp.local, ""QM"" question"
"59","93.828400","c2:01:78:a0:00:00","c2:01:78:a0:00:00","LOOP","60","Reply"
"60","93.862519","c2:02:59:88:00:00","c2:02:59:88:00:00","LOOP","60","Reply"
"61","101.114181","fe80::d52e:f184:1366:3ec2","ff02::fb","MDNS","101","Standard query 0x0000 PTR _nmea-0183._tcp.local, ""QM"" question"
"62","101.114181","10.0.0.2","224.0.0.251","MDNS","81","Standard query 0x0000 PTR _nmea-0183._tcp.local, ""QM"" question"
"63","105.877280","fe80::d52e:f184:1366:3ec2","ff02::fb","MDNS","107","Standard query 0x0000 PTR _ipps._tcp.local, ""QM"" question PTR _ipp._tcp.local, ""QM"" question"
"64","105.877280","10.0.0.2","224.0.0.251","MDNS","87","Standard query 0x0000 PTR _ipps._tcp.local, ""QM"" question PTR _ipp._tcp.local, ""QM"" question"
"65","117.828209","c2:01:78:a0:00:00","c2:01:78:a0:00:00","LOOP","60","Reply"
"66","117.891649","c2:02:59:88:00:00","c2:02:59:88:00:00","LOOP","60","Reply"
"67","127.636564","c2:02:59:88:00:00","CDP/VTP/DTP/PAgP/UDLD","CDP","355","Device ID: Victima  Port ID: FastEthernet0/0  "
"68","127.636564","c2:01:78:a0:00:00","CDP/VTP/DTP/PAgP/UDLD","CDP","355","Device ID: Gateway  Port ID: FastEthernet0/0  "
"69","141.796990","c2:01:78:a0:00:00","c2:01:78:a0:00:00","LOOP","60","Reply"
"70","141.832353","c2:02:59:88:00:00","c2:02:59:88:00:00","LOOP","60","Reply"
"71","165.875407","c2:01:78:a0:00:00","c2:01:78:a0:00:00","LOOP","60","Reply"
"72","165.936760","c2:02:59:88:00:00","c2:02:59:88:00:00","LOOP","60","Reply"
"73","169.881501","fe80::d52e:f184:1366:3ec2","ff02::fb","MDNS","107","Standard query 0x0000 PTR _ipps._tcp.local, ""QM"" question PTR _ipp._tcp.local, ""QM"" question"
"74","169.881501","10.0.0.2","224.0.0.251","MDNS","87","Standard query 0x0000 PTR _ipps._tcp.local, ""QM"" question PTR _ipp._tcp.local, ""QM"" question"
"75","198.925059","c2:02:59:88:00:00","Broadcast","ARP","60","Gratuitous ARP for 10.0.0.3 (Reply)"
"76","198.933817","c2:01:78:a0:00:00","Broadcast","ARP","60","Gratuitous ARP for 10.0.0.1 (Reply)"
"77","199.018867","c2:01:78:a0:00:00","Broadcast","ARP","60","Gratuitous ARP for 10.0.0.1 (Reply)"
"78","199.020820","c2:02:59:88:00:00","Broadcast","ARP","60","Gratuitous ARP for 10.0.0.3 (Reply)"
"79","199.029566","c2:01:78:a0:00:00","Broadcast","ARP","60","Gratuitous ARP for 10.0.0.1 (Reply)"
"80","199.031088","c2:02:59:88:00:00","Broadcast","ARP","60","Gratuitous ARP for 10.0.0.3 (Reply)"
"81","199.050324","c2:01:78:a0:00:00","CDP/VTP/DTP/PAgP/UDLD","CDP","355","Device ID: Gateway  Port ID: FastEthernet0/0  "
"82","199.052276","c2:02:59:88:00:00","CDP/VTP/DTP/PAgP/UDLD","CDP","355","Device ID: Victima  Port ID: FastEthernet0/0  "
"83","199.061062","c2:01:78:a0:00:00","DEC-MOP-Remote-Console","0x6002","77","DEC DNA Remote Console"
"84","199.063014","c2:02:59:88:00:00","DEC-MOP-Remote-Console","0x6002","77","DEC DNA Remote Console"
"85","200.983336","c2:01:78:a0:00:00","CDP/VTP/DTP/PAgP/UDLD","CDP","355","Device ID: Gateway  Port ID: FastEthernet0/0  "
"86","200.998951","c2:02:59:88:00:00","CDP/VTP/DTP/PAgP/UDLD","CDP","355","Device ID: Victima  Port ID: FastEthernet0/0  "
"87","203.141288","c2:02:59:88:00:00","CDP/VTP/DTP/PAgP/UDLD","CDP","355","Device ID: Victima  Port ID: FastEthernet0/0  "
"88","203.141288","c2:01:78:a0:00:00","CDP/VTP/DTP/PAgP/UDLD","CDP","355","Device ID: Gateway  Port ID: FastEthernet0/0  "
"89","214.727905","c2:01:78:a0:00:00","c2:01:78:a0:00:00","LOOP","60","Reply"
"90","214.835308","c2:02:59:88:00:00","c2:02:59:88:00:00","LOOP","60","Reply"
"91","222.590256","::","ff02::16","ICMPv6","110","Multicast Listener Report Message v2"
"92","222.594122","10.0.0.2","224.0.0.22","IGMPv3","60","Membership Report / Join group 224.0.0.251 for any sources"
"93","222.599978","PcsCompu_3c:b5:2b","Broadcast","ARP","60","ARP Announcement for 10.0.0.2"
"94","222.686840","10.0.0.2","224.0.0.251","MDNS","87","Standard query 0x0000 PTR _ipps._tcp.local, ""QM"" question PTR _ipp._tcp.local, ""QM"" question"
"95","222.865449","10.0.0.2","224.0.0.251","MDNS","261","Standard query 0x0000 ANY 2.c.e.3.6.6.3.1.4.8.1.f.e.2.5.d.0.0.0.0.0.0.0.0.0.0.0.0.0.8.e.f.ip6.arpa, ""QM"" question ANY luiseduardo-VirtualBox.local, ""QM"" question ANY 2.0.0.10.in-addr.arpa, ""QM"" question A 10.0.0.2 PTR luiseduardo-VirtualBox.local AAAA fe80::d52e:f184:1366:3ec2 PTR luiseduardo-VirtualBox.local"
"96","223.082160","::","ff02::1:ff66:3ec2","ICMPv6","86","Neighbor Solicitation for fe80::d52e:f184:1366:3ec2"
"97","223.117283","10.0.0.2","224.0.0.251","MDNS","261","Standard query 0x0000 ANY 2.c.e.3.6.6.3.1.4.8.1.f.e.2.5.d.0.0.0.0.0.0.0.0.0.0.0.0.0.8.e.f.ip6.arpa, ""QM"" question ANY luiseduardo-VirtualBox.local, ""QM"" question ANY 2.0.0.10.in-addr.arpa, ""QM"" question A 10.0.0.2 PTR luiseduardo-VirtualBox.local AAAA fe80::d52e:f184:1366:3ec2 PTR luiseduardo-VirtualBox.local"
"98","223.177768","10.0.0.2","224.0.0.22","IGMPv3","60","Membership Report / Join group 224.0.0.251 for any sources"
"99","223.368089","10.0.0.2","224.0.0.251","MDNS","261","Standard query 0x0000 ANY 2.c.e.3.6.6.3.1.4.8.1.f.e.2.5.d.0.0.0.0.0.0.0.0.0.0.0.0.0.8.e.f.ip6.arpa, ""QM"" question ANY luiseduardo-VirtualBox.local, ""QM"" question ANY 2.0.0.10.in-addr.arpa, ""QM"" question A 10.0.0.2 PTR luiseduardo-VirtualBox.local AAAA fe80::d52e:f184:1366:3ec2 PTR luiseduardo-VirtualBox.local"
"100","223.434456","::","ff02::16","ICMPv6","110","Multicast Listener Report Message v2"
"101","223.746456","10.0.0.2","224.0.0.251","MDNS","243","Standard query response 0x0000 PTR, cache flush luiseduardo-VirtualBox.local A, cache flush 10.0.0.2 PTR, cache flush luiseduardo-VirtualBox.local AAAA, cache flush fe80::d52e:f184:1366:3ec2"
"102","223.849912","10.0.0.2","224.0.0.251","MDNS","87","Standard query 0x0000 PTR _ipps._tcp.local, ""QM"" question PTR _ipp._tcp.local, ""QM"" question"
"103","224.108298","fe80::d52e:f184:1366:3ec2","ff02::16","ICMPv6","110","Multicast Listener Report Message v2"
"104","224.118059","fe80::d52e:f184:1366:3ec2","ff02::16","ICMPv6","110","Multicast Listener Report Message v2"
"105","224.325946","fe80::d52e:f184:1366:3ec2","ff02::2","ICMPv6","62","Router Solicitation"
"106","224.630677","PcsCompu_3c:b5:2b","Broadcast","ARP","60","ARP Announcement for 10.0.0.2"
"107","224.973621","10.0.0.2","224.0.0.251","MDNS","243","Standard query response 0x0000 PTR, cache flush luiseduardo-VirtualBox.local A, cache flush 10.0.0.2 PTR, cache flush luiseduardo-VirtualBox.local AAAA, cache flush fe80::d52e:f184:1366:3ec2"
"108","224.973621","fe80::d52e:f184:1366:3ec2","ff02::fb","MDNS","216","Standard query response 0x0000 PTR, cache flush luiseduardo-VirtualBox.local AAAA, cache flush fe80::d52e:f184:1366:3ec2"
"109","225.001924","fe80::d52e:f184:1366:3ec2","ff02::16","ICMPv6","110","Multicast Listener Report Message v2"
"110","225.066403","fe80::d52e:f184:1366:3ec2","ff02::16","ICMPv6","110","Multicast Listener Report Message v2"
"111","225.850130","fe80::d52e:f184:1366:3ec2","ff02::fb","MDNS","107","Standard query 0x0000 PTR _ipps._tcp.local, ""QM"" question PTR _ipp._tcp.local, ""QM"" question"
"112","225.850130","10.0.0.2","224.0.0.251","MDNS","87","Standard query 0x0000 PTR _ipps._tcp.local, ""QM"" question PTR _ipp._tcp.local, ""QM"" question"
"113","226.631345","PcsCompu_3c:b5:2b","Broadcast","ARP","60","ARP Announcement for 10.0.0.2"
"114","227.201496","10.0.0.2","224.0.0.251","MDNS","243","Standard query response 0x0000 PTR, cache flush luiseduardo-VirtualBox.local A, cache flush 10.0.0.2 PTR, cache flush luiseduardo-VirtualBox.local AAAA, cache flush fe80::d52e:f184:1366:3ec2"
"115","227.201496","fe80::d52e:f184:1366:3ec2","ff02::fb","MDNS","216","Standard query response 0x0000 PTR, cache flush luiseduardo-VirtualBox.local AAAA, cache flush fe80::d52e:f184:1366:3ec2"
"116","228.220577","fe80::d52e:f184:1366:3ec2","ff02::fb","MDNS","101","Standard query 0x0000 PTR _nmea-0183._tcp.local, ""QM"" question"
"117","228.221518","10.0.0.2","224.0.0.251","MDNS","81","Standard query 0x0000 PTR _nmea-0183._tcp.local, ""QM"" question"
"118","228.323021","fe80::d52e:f184:1366:3ec2","ff02::2","ICMPv6","62","Router Solicitation"
"119","229.221025","fe80::d52e:f184:1366:3ec2","ff02::fb","MDNS","101","Standard query 0x0000 PTR _nmea-0183._tcp.local, ""QM"" question"
"120","229.221025","10.0.0.2","224.0.0.251","MDNS","81","Standard query 0x0000 PTR _nmea-0183._tcp.local, ""QM"" question"
"121","229.852056","fe80::d52e:f184:1366:3ec2","ff02::fb","MDNS","107","Standard query 0x0000 PTR _ipps._tcp.local, ""QM"" question PTR _ipp._tcp.local, ""QM"" question"
"122","229.852056","10.0.0.2","224.0.0.251","MDNS","87","Standard query 0x0000 PTR _ipps._tcp.local, ""QM"" question PTR _ipp._tcp.local, ""QM"" question"
"123","230.328300","10.0.0.2","255.255.255.255","SNMP","115","get-request 1.3.6.1.2.1.1.1.0 1.3.6.1.2.1.1.2.0 1.3.6.1.2.1.2.2.1.6.1"
"124","231.223192","fe80::d52e:f184:1366:3ec2","ff02::fb","MDNS","101","Standard query 0x0000 PTR _nmea-0183._tcp.local, ""QM"" question"
"125","231.223192","10.0.0.2","224.0.0.251","MDNS","81","Standard query 0x0000 PTR _nmea-0183._tcp.local, ""QM"" question"
"126","231.329577","10.0.0.2","255.255.255.255","SNMP","115","get-request 1.3.6.1.2.1.1.1.0 1.3.6.1.2.1.1.2.0 1.3.6.1.2.1.2.2.1.6.1"
"127","231.978984","fe80::d52e:f184:1366:3ec2","ff02::fb","MDNS","99","Standard query 0x0000 PTR _scanner._tcp.local, ""QM"" question"
"128","231.978984","10.0.0.2","224.0.0.251","MDNS","79","Standard query 0x0000 PTR _scanner._tcp.local, ""QM"" question"
"129","232.324626","fe80::d52e:f184:1366:3ec2","ff02::2","ICMPv6","62","Router Solicitation"
"130","232.980273","fe80::d52e:f184:1366:3ec2","ff02::fb","MDNS","99","Standard query 0x0000 PTR _scanner._tcp.local, ""QM"" question"
"131","232.980273","10.0.0.2","224.0.0.251","MDNS","79","Standard query 0x0000 PTR _scanner._tcp.local, ""QM"" question"
"132","233.833644","10.0.0.2","255.255.255.255","UDP","60","58973  >  3289 Len=15"
"133","234.840429","10.0.0.2","255.255.255.255","UDP","79","37782  >  1124 Len=37"
"134","235.224038","fe80::d52e:f184:1366:3ec2","ff02::fb","MDNS","118","Standard query 0x0000 PTR _nmea-0183._tcp.local, ""QM"" question PTR _sane-port._tcp.local, ""QM"" question"
"135","235.224038","10.0.0.2","224.0.0.251","MDNS","98","Standard query 0x0000 PTR _nmea-0183._tcp.local, ""QM"" question PTR _sane-port._tcp.local, ""QM"" question"
"136","236.852812","c2:01:78:a0:00:00","c2:01:78:a0:00:00","LOOP","60","Reply"
"137","236.975104","c2:02:59:88:00:00","c2:02:59:88:00:00","LOOP","60","Reply"
"138","237.852436","fe80::d52e:f184:1366:3ec2","ff02::fb","MDNS","107","Standard query 0x0000 PTR _ipps._tcp.local, ""QM"" question PTR _ipp._tcp.local, ""QM"" question"
"139","237.852436","10.0.0.2","224.0.0.251","MDNS","87","Standard query 0x0000 PTR _ipps._tcp.local, ""QM"" question PTR _ipp._tcp.local, ""QM"" question"
"140","243.227023","fe80::d52e:f184:1366:3ec2","ff02::fb","MDNS","101","Standard query 0x0000 PTR _nmea-0183._tcp.local, ""QM"" question"
"141","243.227023","10.0.0.2","224.0.0.251","MDNS","81","Standard query 0x0000 PTR _nmea-0183._tcp.local, ""QM"" question"
"142","253.853547","fe80::d52e:f184:1366:3ec2","ff02::fb","MDNS","107","Standard query 0x0000 PTR _ipps._tcp.local, ""QM"" question PTR _ipp._tcp.local, ""QM"" question"
"143","253.853547","10.0.0.2","224.0.0.251","MDNS","87","Standard query 0x0000 PTR _ipps._tcp.local, ""QM"" question PTR _ipp._tcp.local, ""QM"" question"
"144","259.231456","fe80::d52e:f184:1366:3ec2","ff02::fb","MDNS","101","Standard query 0x0000 PTR _nmea-0183._tcp.local, ""QM"" question"
"145","259.231456","10.0.0.2","224.0.0.251","MDNS","81","Standard query 0x0000 PTR _nmea-0183._tcp.local, ""QM"" question"
"146","260.483362","c2:02:59:88:00:00","c2:02:59:88:00:00","LOOP","60","Reply"
"147","260.909841","c2:01:78:a0:00:00","c2:01:78:a0:00:00","LOOP","60","Reply"
"148","284.388494","c2:01:78:a0:00:00","c2:01:78:a0:00:00","LOOP","60","Reply"
"149","284.545434","c2:02:59:88:00:00","c2:02:59:88:00:00","LOOP","60","Reply"
"150","285.854406","fe80::d52e:f184:1366:3ec2","ff02::fb","MDNS","107","Standard query 0x0000 PTR _ipps._tcp.local, ""QM"" question PTR _ipp._tcp.local, ""QM"" question"
"151","285.854406","10.0.0.2","224.0.0.251","MDNS","87","Standard query 0x0000 PTR _ipps._tcp.local, ""QM"" question PTR _ipp._tcp.local, ""QM"" question"
"152","308.475984","c2:01:78:a0:00:00","c2:01:78:a0:00:00","LOOP","60","Reply"
"153","308.599750","c2:02:59:88:00:00","c2:02:59:88:00:00","LOOP","60","Reply"
"154","318.606245","fe80::d52e:f184:1366:3ec2","ff02::fb","MDNS","101","Standard query 0x0000 PTR _nmea-0183._tcp.local, ""QM"" question"
"155","318.606245","10.0.0.2","224.0.0.251","MDNS","81","Standard query 0x0000 PTR _nmea-0183._tcp.local, ""QM"" question"
"156","319.607773","fe80::d52e:f184:1366:3ec2","ff02::fb","MDNS","101","Standard query 0x0000 PTR _nmea-0183._tcp.local, ""QM"" question"
"157","319.607773","10.0.0.2","224.0.0.251","MDNS","81","Standard query 0x0000 PTR _nmea-0183._tcp.local, ""QM"" question"
"158","321.608799","fe80::d52e:f184:1366:3ec2","ff02::fb","MDNS","101","Standard query 0x0000 PTR _nmea-0183._tcp.local, ""QM"" question"
"159","321.608799","10.0.0.2","224.0.0.251","MDNS","81","Standard query 0x0000 PTR _nmea-0183._tcp.local, ""QM"" question"
"160","325.608450","fe80::d52e:f184:1366:3ec2","ff02::fb","MDNS","101","Standard query 0x0000 PTR _nmea-0183._tcp.local, ""QM"" question"
"161","325.608450","10.0.0.2","224.0.0.251","MDNS","81","Standard query 0x0000 PTR _nmea-0183._tcp.local, ""QM"" question"
"162","332.409757","c2:01:78:a0:00:00","c2:01:78:a0:00:00","LOOP","60","Reply"
"163","332.632660","c2:02:59:88:00:00","c2:02:59:88:00:00","LOOP","60","Reply"
"164","333.609734","fe80::d52e:f184:1366:3ec2","ff02::fb","MDNS","101","Standard query 0x0000 PTR _nmea-0183._tcp.local, ""QM"" question"
"165","333.609734","10.0.0.2","224.0.0.251","MDNS","81","Standard query 0x0000 PTR _nmea-0183._tcp.local, ""QM"" question"
"166","342.530697","c2:01:78:a0:00:00","CDP/VTP/DTP/PAgP/UDLD","CDP","355","Device ID: Gateway  Port ID: FastEthernet0/0  "
"167","342.690560","c2:02:59:88:00:00","CDP/VTP/DTP/PAgP/UDLD","CDP","355","Device ID: Victima  Port ID: FastEthernet0/0  "
"168","349.610642","fe80::d52e:f184:1366:3ec2","ff02::fb","MDNS","101","Standard query 0x0000 PTR _nmea-0183._tcp.local, ""QM"" question"
"169","349.611619","10.0.0.2","224.0.0.251","MDNS","81","Standard query 0x0000 PTR _nmea-0183._tcp.local, ""QM"" question"
"170","349.855306","fe80::d52e:f184:1366:3ec2","ff02::fb","MDNS","107","Standard query 0x0000 PTR _ipps._tcp.local, ""QM"" question PTR _ipp._tcp.local, ""QM"" question"
"171","349.855306","10.0.0.2","224.0.0.251","MDNS","87","Standard query 0x0000 PTR _ipps._tcp.local, ""QM"" question PTR _ipp._tcp.local, ""QM"" question"
"172","356.391882","c2:01:78:a0:00:00","c2:01:78:a0:00:00","LOOP","60","Reply"
"173","356.499135","c2:02:59:88:00:00","c2:02:59:88:00:00","LOOP","60","Reply"
"174","380.488908","c2:01:78:a0:00:00","c2:01:78:a0:00:00","LOOP","60","Reply"
"175","380.588117","c2:02:59:88:00:00","c2:02:59:88:00:00","LOOP","60","Reply"
"176","404.527676","c2:01:78:a0:00:00","c2:01:78:a0:00:00","LOOP","60","Reply"
"177","404.613382","c2:02:59:88:00:00","c2:02:59:88:00:00","LOOP","60","Reply"
"178","428.046297","c2:01:78:a0:00:00","c2:01:78:a0:00:00","LOOP","60","Reply"
"179","428.133394","c2:02:59:88:00:00","c2:02:59:88:00:00","LOOP","60","Reply"
"180","452.136092","c2:01:78:a0:00:00","c2:01:78:a0:00:00","LOOP","60","Reply"
"181","452.254301","c2:02:59:88:00:00","c2:02:59:88:00:00","LOOP","60","Reply"
"182","476.225664","c2:01:78:a0:00:00","c2:01:78:a0:00:00","LOOP","60","Reply"
"183","476.260213","c2:02:59:88:00:00","c2:02:59:88:00:00","LOOP","60","Reply"
"184","477.855596","fe80::d52e:f184:1366:3ec2","ff02::fb","MDNS","107","Standard query 0x0000 PTR _ipps._tcp.local, ""QM"" question PTR _ipp._tcp.local, ""QM"" question"
"185","477.855596","10.0.0.2","224.0.0.251","MDNS","87","Standard query 0x0000 PTR _ipps._tcp.local, ""QM"" question PTR _ipp._tcp.local, ""QM"" question"
"186","486.317538","c2:01:78:a0:00:00","CDP/VTP/DTP/PAgP/UDLD","CDP","355","Device ID: Gateway  Port ID: FastEthernet0/0  "
"187","486.319547","c2:02:59:88:00:00","CDP/VTP/DTP/PAgP/UDLD","CDP","355","Device ID: Victima  Port ID: FastEthernet0/0  "
"188","500.102580","c2:01:78:a0:00:00","c2:01:78:a0:00:00","LOOP","60","Reply"
"189","500.187817","c2:02:59:88:00:00","c2:02:59:88:00:00","LOOP","60","Reply"
"190","524.179576","c2:01:78:a0:00:00","c2:01:78:a0:00:00","LOOP","60","Reply"
"191","524.244796","c2:02:59:88:00:00","c2:02:59:88:00:00","LOOP","60","Reply"
"192","532.541827","PcsCompu_3c:b5:2b","Broadcast","ARP","60","Who has 10.0.0.3? Tell 10.0.0.2"
"193","532.553602","c2:02:59:88:00:00","PcsCompu_3c:b5:2b","ARP","60","10.0.0.3 is at c2:02:59:88:00:00"
"194","532.558418","PcsCompu_3c:b5:2b","c2:02:59:88:00:00","ARP","60","10.0.0.1 is at 08:00:27:3c:b5:2b"
"195","532.564275","PcsCompu_3c:b5:2b","Broadcast","ARP","60","Who has 10.0.0.1? Tell 10.0.0.2"
"196","532.575083","c2:01:78:a0:00:00","PcsCompu_3c:b5:2b","ARP","60","10.0.0.1 is at c2:01:78:a0:00:00"
"197","532.579892","PcsCompu_3c:b5:2b","c2:01:78:a0:00:00","ARP","60","10.0.0.3 is at 08:00:27:3c:b5:2b"
"198","536.584397","PcsCompu_3c:b5:2b","c2:02:59:88:00:00","ARP","60","10.0.0.1 is at 08:00:27:3c:b5:2b"
"199","536.588261","PcsCompu_3c:b5:2b","c2:01:78:a0:00:00","ARP","60","10.0.0.3 is at 08:00:27:3c:b5:2b"
"200","540.592514","PcsCompu_3c:b5:2b","c2:02:59:88:00:00","ARP","60","10.0.0.1 is at 08:00:27:3c:b5:2b"
"201","540.596416","PcsCompu_3c:b5:2b","c2:01:78:a0:00:00","ARP","60","10.0.0.3 is at 08:00:27:3c:b5:2b"
"202","544.600019","PcsCompu_3c:b5:2b","c2:02:59:88:00:00","ARP","60","10.0.0.1 is at 08:00:27:3c:b5:2b"
"203","544.601971","PcsCompu_3c:b5:2b","c2:01:78:a0:00:00","ARP","60","10.0.0.3 is at 08:00:27:3c:b5:2b"
"204","548.080431","c2:01:78:a0:00:00","c2:01:78:a0:00:00","LOOP","60","Reply"
"205","548.111715","c2:02:59:88:00:00","c2:02:59:88:00:00","LOOP","60","Reply"
"206","548.610710","PcsCompu_3c:b5:2b","c2:02:59:88:00:00","ARP","60","10.0.0.1 is at 08:00:27:3c:b5:2b"
"207","548.613636","PcsCompu_3c:b5:2b","c2:01:78:a0:00:00","ARP","60","10.0.0.3 is at 08:00:27:3c:b5:2b"
"208","552.621679","PcsCompu_3c:b5:2b","c2:02:59:88:00:00","ARP","60","10.0.0.1 is at 08:00:27:3c:b5:2b"
"209","552.625624","PcsCompu_3c:b5:2b","c2:01:78:a0:00:00","ARP","60","10.0.0.3 is at 08:00:27:3c:b5:2b"
"210","556.633535","PcsCompu_3c:b5:2b","c2:02:59:88:00:00","ARP","60","10.0.0.1 is at 08:00:27:3c:b5:2b"
"211","556.637405","PcsCompu_3c:b5:2b","c2:01:78:a0:00:00","ARP","60","10.0.0.3 is at 08:00:27:3c:b5:2b"
"212","560.648585","PcsCompu_3c:b5:2b","c2:02:59:88:00:00","ARP","60","10.0.0.1 is at 08:00:27:3c:b5:2b"
"213","560.652490","PcsCompu_3c:b5:2b","c2:01:78:a0:00:00","ARP","60","10.0.0.3 is at 08:00:27:3c:b5:2b"
"214","564.657405","PcsCompu_3c:b5:2b","c2:02:59:88:00:00","ARP","60","10.0.0.1 is at 08:00:27:3c:b5:2b"
"215","564.661306","PcsCompu_3c:b5:2b","c2:01:78:a0:00:00","ARP","60","10.0.0.3 is at 08:00:27:3c:b5:2b"
"216","568.669525","PcsCompu_3c:b5:2b","c2:02:59:88:00:00","ARP","60","10.0.0.1 is at 08:00:27:3c:b5:2b"
"217","568.673429","PcsCompu_3c:b5:2b","c2:01:78:a0:00:00","ARP","60","10.0.0.3 is at 08:00:27:3c:b5:2b"
"218","571.473557","c2:02:59:88:00:00","c2:02:59:88:00:00","LOOP","60","Reply"
"219","571.485228","c2:01:78:a0:00:00","c2:01:78:a0:00:00","LOOP","60","Reply"
"220","572.676255","PcsCompu_3c:b5:2b","c2:02:59:88:00:00","ARP","60","10.0.0.1 is at 08:00:27:3c:b5:2b"
"221","572.680159","PcsCompu_3c:b5:2b","c2:01:78:a0:00:00","ARP","60","10.0.0.3 is at 08:00:27:3c:b5:2b"
"222","576.685499","PcsCompu_3c:b5:2b","c2:02:59:88:00:00","ARP","60","10.0.0.1 is at 08:00:27:3c:b5:2b"
"223","576.689402","PcsCompu_3c:b5:2b","c2:01:78:a0:00:00","ARP","60","10.0.0.3 is at 08:00:27:3c:b5:2b"
"224","580.693289","PcsCompu_3c:b5:2b","c2:02:59:88:00:00","ARP","60","10.0.0.1 is at 08:00:27:3c:b5:2b"
"225","580.697195","PcsCompu_3c:b5:2b","c2:01:78:a0:00:00","ARP","60","10.0.0.3 is at 08:00:27:3c:b5:2b"
"226","584.701745","PcsCompu_3c:b5:2b","c2:02:59:88:00:00","ARP","60","10.0.0.1 is at 08:00:27:3c:b5:2b"
"227","584.705648","PcsCompu_3c:b5:2b","c2:01:78:a0:00:00","ARP","60","10.0.0.3 is at 08:00:27:3c:b5:2b"
"228","588.713290","PcsCompu_3c:b5:2b","c2:02:59:88:00:00","ARP","60","10.0.0.1 is at 08:00:27:3c:b5:2b"
"229","588.716218","PcsCompu_3c:b5:2b","c2:01:78:a0:00:00","ARP","60","10.0.0.3 is at 08:00:27:3c:b5:2b"
"230","592.720169","PcsCompu_3c:b5:2b","c2:02:59:88:00:00","ARP","60","10.0.0.1 is at 08:00:27:3c:b5:2b"
"231","592.722121","PcsCompu_3c:b5:2b","c2:01:78:a0:00:00","ARP","60","10.0.0.3 is at 08:00:27:3c:b5:2b"
"232","595.403808","c2:02:59:88:00:00","c2:02:59:88:00:00","LOOP","60","Reply"
"233","595.434032","c2:01:78:a0:00:00","c2:01:78:a0:00:00","LOOP","60","Reply"
"234","596.728075","PcsCompu_3c:b5:2b","c2:02:59:88:00:00","ARP","60","10.0.0.1 is at 08:00:27:3c:b5:2b"
"235","596.732008","PcsCompu_3c:b5:2b","c2:01:78:a0:00:00","ARP","60","10.0.0.3 is at 08:00:27:3c:b5:2b"
"236","600.737775","PcsCompu_3c:b5:2b","c2:02:59:88:00:00","ARP","60","10.0.0.1 is at 08:00:27:3c:b5:2b"
"237","600.741679","PcsCompu_3c:b5:2b","c2:01:78:a0:00:00","ARP","60","10.0.0.3 is at 08:00:27:3c:b5:2b"
"238","604.748673","PcsCompu_3c:b5:2b","c2:02:59:88:00:00","ARP","60","10.0.0.1 is at 08:00:27:3c:b5:2b"
"239","604.752577","PcsCompu_3c:b5:2b","c2:01:78:a0:00:00","ARP","60","10.0.0.3 is at 08:00:27:3c:b5:2b"
"240","608.757347","PcsCompu_3c:b5:2b","c2:02:59:88:00:00","ARP","60","10.0.0.1 is at 08:00:27:3c:b5:2b"
"241","608.760275","PcsCompu_3c:b5:2b","c2:01:78:a0:00:00","ARP","60","10.0.0.3 is at 08:00:27:3c:b5:2b"
"242","612.764558","PcsCompu_3c:b5:2b","c2:02:59:88:00:00","ARP","60","10.0.0.1 is at 08:00:27:3c:b5:2b"
"243","612.768462","PcsCompu_3c:b5:2b","c2:01:78:a0:00:00","ARP","60","10.0.0.3 is at 08:00:27:3c:b5:2b"
"244","616.773163","PcsCompu_3c:b5:2b","c2:02:59:88:00:00","ARP","60","10.0.0.1 is at 08:00:27:3c:b5:2b"
"245","616.777108","PcsCompu_3c:b5:2b","c2:01:78:a0:00:00","ARP","60","10.0.0.3 is at 08:00:27:3c:b5:2b"
"246","619.338668","c2:02:59:88:00:00","c2:02:59:88:00:00","LOOP","60","Reply"
"247","619.433541","c2:01:78:a0:00:00","c2:01:78:a0:00:00","LOOP","60","Reply"
"248","620.781443","PcsCompu_3c:b5:2b","c2:02:59:88:00:00","ARP","60","10.0.0.1 is at 08:00:27:3c:b5:2b"
"249","620.785346","PcsCompu_3c:b5:2b","c2:01:78:a0:00:00","ARP","60","10.0.0.3 is at 08:00:27:3c:b5:2b"
"250","624.789344","PcsCompu_3c:b5:2b","c2:02:59:88:00:00","ARP","60","10.0.0.1 is at 08:00:27:3c:b5:2b"
"251","624.793246","PcsCompu_3c:b5:2b","c2:01:78:a0:00:00","ARP","60","10.0.0.3 is at 08:00:27:3c:b5:2b"
"252","628.801357","PcsCompu_3c:b5:2b","c2:02:59:88:00:00","ARP","60","10.0.0.1 is at 08:00:27:3c:b5:2b"
"253","628.804320","PcsCompu_3c:b5:2b","c2:01:78:a0:00:00","ARP","60","10.0.0.3 is at 08:00:27:3c:b5:2b"
"254","629.355872","c2:02:59:88:00:00","CDP/VTP/DTP/PAgP/UDLD","CDP","355","Device ID: Victima  Port ID: FastEthernet0/0  "
"255","629.417386","c2:01:78:a0:00:00","CDP/VTP/DTP/PAgP/UDLD","CDP","355","Device ID: Gateway  Port ID: FastEthernet0/0  "
"256","632.809681","PcsCompu_3c:b5:2b","c2:02:59:88:00:00","ARP","60","10.0.0.1 is at 08:00:27:3c:b5:2b"
"257","632.813584","PcsCompu_3c:b5:2b","c2:01:78:a0:00:00","ARP","60","10.0.0.3 is at 08:00:27:3c:b5:2b"
"258","636.820503","PcsCompu_3c:b5:2b","c2:02:59:88:00:00","ARP","60","10.0.0.1 is at 08:00:27:3c:b5:2b"
"259","636.824407","PcsCompu_3c:b5:2b","c2:01:78:a0:00:00","ARP","60","10.0.0.3 is at 08:00:27:3c:b5:2b"
"260","640.829042","PcsCompu_3c:b5:2b","c2:02:59:88:00:00","ARP","60","10.0.0.1 is at 08:00:27:3c:b5:2b"
"261","640.834897","PcsCompu_3c:b5:2b","c2:01:78:a0:00:00","ARP","60","10.0.0.3 is at 08:00:27:3c:b5:2b"
"262","643.122343","c2:02:59:88:00:00","c2:02:59:88:00:00","LOOP","60","Reply"
"263","643.183637","c2:01:78:a0:00:00","c2:01:78:a0:00:00","LOOP","60","Reply"
"264","644.841198","PcsCompu_3c:b5:2b","c2:02:59:88:00:00","ARP","60","10.0.0.1 is at 08:00:27:3c:b5:2b"
"265","644.845070","PcsCompu_3c:b5:2b","c2:01:78:a0:00:00","ARP","60","10.0.0.3 is at 08:00:27:3c:b5:2b"
"266","648.848874","PcsCompu_3c:b5:2b","c2:02:59:88:00:00","ARP","60","10.0.0.1 is at 08:00:27:3c:b5:2b"
"267","648.852777","PcsCompu_3c:b5:2b","c2:01:78:a0:00:00","ARP","60","10.0.0.3 is at 08:00:27:3c:b5:2b"
"268","652.857370","PcsCompu_3c:b5:2b","Broadcast","ARP","60","Who has 10.0.0.3? Tell 10.0.0.2"
"269","652.860299","c2:02:59:88:00:00","PcsCompu_3c:b5:2b","ARP","60","10.0.0.3 is at c2:02:59:88:00:00"
"270","652.865179","PcsCompu_3c:b5:2b","c2:02:59:88:00:00","ARP","60","10.0.0.1 is at 08:00:27:3c:b5:2b"
"271","652.869083","PcsCompu_3c:b5:2b","Broadcast","ARP","60","Who has 10.0.0.1? Tell 10.0.0.2"
"272","652.872010","c2:01:78:a0:00:00","PcsCompu_3c:b5:2b","ARP","60","10.0.0.1 is at c2:01:78:a0:00:00"
"273","652.876892","PcsCompu_3c:b5:2b","c2:01:78:a0:00:00","ARP","60","10.0.0.3 is at 08:00:27:3c:b5:2b"
"274","656.884832","PcsCompu_3c:b5:2b","c2:02:59:88:00:00","ARP","60","10.0.0.1 is at 08:00:27:3c:b5:2b"
"275","656.888736","PcsCompu_3c:b5:2b","c2:01:78:a0:00:00","ARP","60","10.0.0.3 is at 08:00:27:3c:b5:2b"
"276","660.893223","PcsCompu_3c:b5:2b","c2:02:59:88:00:00","ARP","60","10.0.0.1 is at 08:00:27:3c:b5:2b"
"277","660.897126","PcsCompu_3c:b5:2b","c2:01:78:a0:00:00","ARP","60","10.0.0.3 is at 08:00:27:3c:b5:2b"
"278","664.900559","PcsCompu_3c:b5:2b","c2:02:59:88:00:00","ARP","60","10.0.0.1 is at 08:00:27:3c:b5:2b"
"279","664.904467","PcsCompu_3c:b5:2b","c2:01:78:a0:00:00","ARP","60","10.0.0.3 is at 08:00:27:3c:b5:2b"
"280","666.977847","c2:02:59:88:00:00","c2:02:59:88:00:00","LOOP","60","Reply"
"281","667.041810","c2:01:78:a0:00:00","c2:01:78:a0:00:00","LOOP","60","Reply"
"282","668.909249","PcsCompu_3c:b5:2b","c2:02:59:88:00:00","ARP","60","10.0.0.1 is at 08:00:27:3c:b5:2b"
"283","668.912177","PcsCompu_3c:b5:2b","c2:01:78:a0:00:00","ARP","60","10.0.0.3 is at 08:00:27:3c:b5:2b"
"284","672.917054","PcsCompu_3c:b5:2b","c2:02:59:88:00:00","ARP","60","10.0.0.1 is at 08:00:27:3c:b5:2b"
"285","672.920963","PcsCompu_3c:b5:2b","c2:01:78:a0:00:00","ARP","60","10.0.0.3 is at 08:00:27:3c:b5:2b"
"286","676.924861","PcsCompu_3c:b5:2b","c2:02:59:88:00:00","ARP","60","10.0.0.1 is at 08:00:27:3c:b5:2b"
"287","676.928764","PcsCompu_3c:b5:2b","c2:01:78:a0:00:00","ARP","60","10.0.0.3 is at 08:00:27:3c:b5:2b"
"288","680.932911","PcsCompu_3c:b5:2b","c2:02:59:88:00:00","ARP","60","10.0.0.1 is at 08:00:27:3c:b5:2b"
"289","680.935839","PcsCompu_3c:b5:2b","c2:01:78:a0:00:00","ARP","60","10.0.0.3 is at 08:00:27:3c:b5:2b"
"290","684.940911","PcsCompu_3c:b5:2b","c2:02:59:88:00:00","ARP","60","10.0.0.1 is at 08:00:27:3c:b5:2b"
"291","684.944816","PcsCompu_3c:b5:2b","c2:01:78:a0:00:00","ARP","60","10.0.0.3 is at 08:00:27:3c:b5:2b"
"292","688.948639","PcsCompu_3c:b5:2b","c2:02:59:88:00:00","ARP","60","10.0.0.1 is at 08:00:27:3c:b5:2b"
"293","688.952543","PcsCompu_3c:b5:2b","c2:01:78:a0:00:00","ARP","60","10.0.0.3 is at 08:00:27:3c:b5:2b"
"294","690.001215","PcsCompu_3c:b5:2b","c2:01:78:a0:00:00","ARP","60","10.0.0.3 is at c2:02:59:88:00:00"
"295","690.005121","PcsCompu_3c:b5:2b","c2:02:59:88:00:00","ARP","60","10.0.0.1 is at c2:01:78:a0:00:00"
"296","690.025617","PcsCompu_3c:b5:2b","c2:01:78:a0:00:00","ARP","60","10.0.0.3 is at c2:02:59:88:00:00"
"297","690.029521","PcsCompu_3c:b5:2b","c2:02:59:88:00:00","ARP","60","10.0.0.1 is at c2:01:78:a0:00:00"
"298","690.050993","PcsCompu_3c:b5:2b","c2:01:78:a0:00:00","ARP","60","10.0.0.3 is at c2:02:59:88:00:00"
"299","690.053921","PcsCompu_3c:b5:2b","c2:02:59:88:00:00","ARP","60","10.0.0.1 is at c2:01:78:a0:00:00"
"300","690.073440","PcsCompu_3c:b5:2b","c2:01:78:a0:00:00","ARP","60","10.0.0.3 is at c2:02:59:88:00:00"
"301","690.077343","PcsCompu_3c:b5:2b","c2:02:59:88:00:00","ARP","60","10.0.0.1 is at c2:01:78:a0:00:00"
"302","690.096864","PcsCompu_3c:b5:2b","c2:01:78:a0:00:00","ARP","60","10.0.0.3 is at c2:02:59:88:00:00"
"303","690.100768","PcsCompu_3c:b5:2b","c2:02:59:88:00:00","ARP","60","10.0.0.1 is at c2:01:78:a0:00:00"
"304","690.120287","PcsCompu_3c:b5:2b","c2:01:78:a0:00:00","ARP","60","10.0.0.3 is at c2:02:59:88:00:00"
"305","690.123217","PcsCompu_3c:b5:2b","c2:02:59:88:00:00","ARP","60","10.0.0.1 is at c2:01:78:a0:00:00"
"306","690.146682","PcsCompu_3c:b5:2b","c2:01:78:a0:00:00","ARP","60","10.0.0.3 is at c2:02:59:88:00:00"
"307","690.151559","PcsCompu_3c:b5:2b","c2:02:59:88:00:00","ARP","60","10.0.0.1 is at c2:01:78:a0:00:00"
"308","690.172992","PcsCompu_3c:b5:2b","c2:01:78:a0:00:00","ARP","60","10.0.0.3 is at c2:02:59:88:00:00"
"309","690.175920","PcsCompu_3c:b5:2b","c2:02:59:88:00:00","ARP","60","10.0.0.1 is at c2:01:78:a0:00:00"
"310","690.195439","PcsCompu_3c:b5:2b","c2:01:78:a0:00:00","ARP","60","10.0.0.3 is at c2:02:59:88:00:00"
"311","690.198369","PcsCompu_3c:b5:2b","c2:02:59:88:00:00","ARP","60","10.0.0.1 is at c2:01:78:a0:00:00"
"312","690.843574","c2:02:59:88:00:00","c2:02:59:88:00:00","LOOP","60","Reply"
"313","690.931380","c2:01:78:a0:00:00","c2:01:78:a0:00:00","LOOP","60","Reply"
"314","714.317201","c2:02:59:88:00:00","c2:02:59:88:00:00","LOOP","60","Reply"
"315","715.009774","c2:01:78:a0:00:00","c2:01:78:a0:00:00","LOOP","60","Reply"
"316","733.857167","fe80::d52e:f184:1366:3ec2","ff02::fb","MDNS","107","Standard query 0x0000 PTR _ipps._tcp.local, ""QM"" question PTR _ipp._tcp.local, ""QM"" question"
"317","733.857167","10.0.0.2","224.0.0.251","MDNS","87","Standard query 0x0000 PTR _ipps._tcp.local, ""QM"" question PTR _ipp._tcp.local, ""QM"" question"
"318","738.563988","c2:02:59:88:00:00","c2:02:59:88:00:00","LOOP","60","Reply"
"319","738.648982","c2:01:78:a0:00:00","c2:01:78:a0:00:00","LOOP","60","Reply"
"320","762.685296","c2:02:59:88:00:00","c2:02:59:88:00:00","LOOP","60","Reply"
"321","762.749672","c2:01:78:a0:00:00","c2:01:78:a0:00:00","LOOP","60","Reply"
"322","773.069953","c2:02:59:88:00:00","CDP/VTP/DTP/PAgP/UDLD","CDP","355","Device ID: Victima  Port ID: FastEthernet0/0  "
"323","773.102160","c2:01:78:a0:00:00","CDP/VTP/DTP/PAgP/UDLD","CDP","355","Device ID: Gateway  Port ID: FastEthernet0/0  "
"324","787.007849","c2:01:78:a0:00:00","c2:01:78:a0:00:00","LOOP","60","Reply"
"325","787.093738","c2:02:59:88:00:00","c2:02:59:88:00:00","LOOP","60","Reply"
